-- Rezwan
CREATE TABLE `category` (
  `id` int(10) NOT NULL,
  `company_id` int(11) DEFAULT NULL,
  `product_type_id` int(11) DEFAULT NULL,
  `name` varchar(50) DEFAULT NULL,
  `description` text,
  `created_at` datetime DEFAULT NULL,
  `created_by` int(11) DEFAULT NULL,
  `modified_by` int(11) DEFAULT NULL,
  `modified_at` datetime DEFAULT NULL,
  `is_deleted` tinyint(1) NOT NULL DEFAULT '0',
  `deleted_at` datetime DEFAULT NULL,
  `deleted_by` int(11) DEFAULT NULL,
  `_key` varchar(32) DEFAULT NULL
) ENGINE=InnoDB DEFAULT CHARSET=utf8;

ALTER TABLE `category`
  ADD PRIMARY KEY (`id`),
  ADD KEY `company_id` (`company_id`),
  ADD KEY `product_type_id` (`product_type_id`),
  ADD KEY `is_deleted` (`is_deleted`),
  ADD KEY `_key` (`_key`);

ALTER TABLE `category`
  MODIFY `id` int(10) NOT NULL AUTO_INCREMENT;
----------------------------------------------------------------------------------
CREATE TABLE `product` (
  `id` int(10) NOT NULL,
  `company_id` int(11) DEFAULT NULL,
  `product_type_id` int(11) DEFAULT NULL,
  `category_id` int(11) DEFAULT NULL,
  `name` varchar(100) DEFAULT NULL,
  `product_code` varchar(30) DEFAULT NULL,
  `description` text,
  `cost_analysis` tinyint(1) NOT NULL DEFAULT '0',
  `created_at` datetime DEFAULT NULL,
  `created_by` int(11) DEFAULT NULL,
  `modified_at` datetime DEFAULT NULL,
  `modified_by` int(11) DEFAULT NULL,
  `is_deleted` tinyint(1) NOT NULL DEFAULT '0',
  `deleted_at` datetime DEFAULT NULL,
  `deleted_by` int(11) DEFAULT NULL,
  `_key` varchar(32) DEFAULT NULL
) ENGINE=InnoDB DEFAULT CHARSET=utf8;


ALTER TABLE `product`
  ADD PRIMARY KEY (`id`),
  ADD KEY `company_id` (`company_id`),
  ADD KEY `product_type_id` (`product_type_id`),
  ADD KEY `category_id` (`category_id`),
  ADD KEY `is_deleted` (`is_deleted`),
  ADD KEY `product_code` (`product_code`,`cost_analysis`,`_key`);

ALTER TABLE `product`
  MODIFY `id` int(10) NOT NULL AUTO_INCREMENT;
-------------------------------------------------------------------------------------
CREATE TABLE `heads` (
  `id` int(10) UNSIGNED NOT NULL,
  `institute_id` int(11) DEFAULT NULL,
  `name` varchar(200) DEFAULT NULL,
  `code` int(15) UNSIGNED DEFAULT NULL,
  `is_fixed` tinyint(1) NOT NULL DEFAULT '1',
  `common` varchar(10) NOT NULL DEFAULT 'No',
  `is_deleted` tinyint(1) NOT NULL DEFAULT '0',
  `deleted_by` int(11) DEFAULT NULL,
  `deleted_at` datetime DEFAULT NULL,
  `_key` varchar(32) DEFAULT NULL
) ENGINE=InnoDB DEFAULT CHARSET=utf8;

INSERT INTO `heads` (`id`, `institute_id`, `name`, `code`, `is_fixed`, `common`, `is_deleted`, `deleted_by`, `deleted_at`, `_key`) VALUES
(1, 1, 'Cash In Hands', 1561806776, 1, 'Yes', 0, 1, '2021-11-06 16:21:30', '5D1747B8D1AFC560'),
(2, 1, 'Cash At Bank', 1561806777, 1, 'Yes', 0, 1, '2021-11-06 16:21:30', '5D1747B8D1E7A561'),
(3, 1, 'Party', 1561806778, 1, 'Yes', 0, 1, '2021-11-06 16:19:54', '5D1747B8D21F4562'),
(4, 1, 'Creditors/ Supplier', 1561806779, 1, 'No', 1, 1, '2021-11-06 16:27:58', '5D1747B8D2428563'),
(5, 1, 'Account Payable', 1561806780, 1, 'Yes', 0, 1, '2021-11-06 16:21:30', '5D1747B8D2653564'),
(6, 1, 'Account Receivable', 1561806781, 1, 'Yes', 0, 1, '2021-11-06 16:21:30', '5D1747B8D287C565'),
(7, 1, 'Expense', 1561806782, 1, 'No', 0, NULL, NULL, '5D1747B8D2A9B566'),
(8, 1, 'Income', 1561806783, 1, 'No', 0, NULL, NULL, '5D1747B8D2CE7567'),
(9, 1, 'Capital', 1561806784, 1, 'Yes', 0, 1, '2021-11-06 16:21:30', '5D1747B8D2EE6568'),
(10, 1, 'Company or Business Account', 1561806785, 1, 'Yes', 0, 1, '2021-11-06 16:21:30', '5D1747B8D30E4569'),
(11, 1, 'Purchase A/C', 1561965736, 1, 'Yes', 0, 1, '2021-11-06 16:21:30', '5D19B4A85FCCA160'),
(12, 1, 'Sales Account', 1561965737, 1, 'Yes', 0, 1, '2021-11-06 16:21:30', '5D19B4A85FFB1161'),
(27, 13, 'Cash In Hand', 1570692097, 1, 'No', 1, 1, '2021-11-06 16:20:31', '5D9EDC019C8B3370'),
(28, 13, 'Cash At Bank', 1570692098, 1, 'No', 1, 41, '2019-11-03 11:12:46', '5D9EDC019CC76371'),
(29, 13, 'Debtors/ Customer', 1570692099, 1, 'No', 1, 1, '2021-11-06 16:20:31', '5D9EDC019CEB3372'),
(30, 13, 'Creditors/ Supplier', 1570692100, 1, 'No', 1, 1, '2021-11-06 16:20:31', '5D9EDC019D0B2373'),
(31, 13, 'Expense', 1570692101, 1, 'No', 0, NULL, NULL, '5D9EDC019D29F374'),
(32, 13, 'Account Payable', 1570692102, 1, 'No', 1, 1, '2021-11-06 16:20:31', '5D9EDC019F8A0375'),
(33, 13, 'Account Receivable ', 1570692103, 1, 'No', 1, 1, '2021-11-06 16:20:31', '5D9EDC019FAFB376'),
(34, 13, 'Income', 1570692104, 1, 'No', 0, NULL, NULL, '5D9EDC019FCEF377'),
(35, 13, 'Capital', 1570692105, 1, 'No', 1, 1, '2021-11-06 16:20:31', '5D9EDC019FED6378'),
(36, 13, 'Company or Business A/C', 1570692106, 1, 'No', 1, 32, '2019-11-18 01:05:28', '5D9EDC01A0109379'),
(37, 13, 'Purchase A/C', 1570692115, 1, 'No', 1, 1, '2021-11-06 16:20:31', '5D9EDC13E66DA550'),
(38, 13, 'Sales A/C', 1570692116, 1, 'No', 1, 1, '2021-11-06 16:20:31', '5D9EDC13E6A0F551'),
(39, 14, 'Cash In Hand', 1570692687, 1, 'No', 0, NULL, NULL, '5D9EDE4F7BCA8270'),
(40, 14, 'Cash At Bank', 1570692688, 1, 'No', 0, NULL, NULL, '5D9EDE4F7BFF6271'),
(41, 14, 'Debtors/ Customer', 1570692689, 1, 'No', 0, NULL, NULL, '5D9EDE4F7C1E4272'),
(42, 14, 'Creditors/ Supplier', 1570692690, 1, 'No', 0, NULL, NULL, '5D9EDE4F7C436273'),
(43, 14, 'Account Payable', 1570692691, 1, 'No', 0, NULL, NULL, '5D9EDE4F7C64D274'),
(44, 14, 'Account Receivable', 1570692692, 1, 'No', 0, NULL, NULL, '5D9EDE4F7C8BC275'),
(45, 14, 'Capital', 1570692693, 1, 'No', 0, NULL, NULL, '5D9EDE4F7CABC276'),
(46, 14, 'Purchase A/C', 1570692694, 1, 'No', 0, NULL, NULL, '5D9EDE4F7CCCB277'),
(47, 14, 'Sales A/C', 1570692695, 1, 'No', 0, NULL, NULL, '5D9EDE4F7CEA3278'),
(48, 14, 'Expense', 1570692696, 1, 'No', 0, NULL, NULL, '5D9EDE4F7D08B279'),
(49, 14, 'Company or Business A/C', 1570692716, 1, 'No', 0, NULL, NULL, '5D9EDE6CE6107560'),
(50, 14, 'Income', 1570692717, 1, 'No', 0, NULL, NULL, '5D9EDE6CE6411561'),
(51, 15, 'Cash In Hand', 1570693188, 1, 'No', 1, 1, '2021-11-06 16:21:11', '5D9EE044B110B480'),
(52, 15, 'Cash At Bank', 1570693189, 1, 'No', 1, 1, '2021-11-06 16:21:11', '5D9EE044B144E481'),
(53, 15, 'Debtors/ Customer', 1570693190, 1, 'No', 1, 1, '2021-11-06 16:21:11', '5D9EE044B1659482'),
(54, 15, 'Creditors/ Supplier', 1570693191, 1, 'No', 1, 1, '2021-11-06 16:21:11', '5D9EE044B186C483'),
(55, 15, 'Account Payable', 1570693192, 1, 'No', 1, 1, '2021-11-06 16:21:11', '5D9EE044B1A85484'),
(56, 15, 'Account Receivable', 1570693193, 1, 'No', 1, 1, '2021-11-06 16:21:11', '5D9EE044B1C9D485'),
(57, 15, 'Expense', 1570693194, 1, 'No', 0, NULL, NULL, '5D9EE044B1E8B486'),
(58, 15, 'Capital', 1570693195, 1, 'No', 1, 1, '2021-11-06 16:21:11', '5D9EE044B2078487'),
(59, 15, 'Purchase A/C', 1570693196, 1, 'No', 1, 1, '2021-11-06 16:21:11', '5D9EE044B2294488'),
(60, 15, 'Sales A/C', 1570693197, 1, 'No', 1, 1, '2021-11-06 16:21:11', '5D9EE044B248C489'),
(61, 15, 'Company or Business A/C', 1570693217, 1, 'No', 1, 1, '2021-11-06 16:21:11', '5D9EE061C7C3B170'),
(62, 15, 'Income', 1570693218, 1, 'No', 0, NULL, NULL, '5D9EE061C7F1C171'),
(63, 17, 'Cash In Hand', 1570693548, 1, 'No', 1, 1, '2021-11-06 16:20:57', '5D9EE1AC14FE5480'),
(64, 17, 'Cash At Bank', 1570693549, 1, 'No', 1, 1, '2021-11-06 16:20:57', '5D9EE1AC15398481'),
(65, 17, 'Debtors/ Customer', 1570693550, 1, 'No', 1, 1, '2021-11-06 16:20:57', '5D9EE1AC155DE482'),
(66, 17, 'Creditors/ Supplier', 1570693551, 1, 'No', 1, 1, '2021-11-06 16:20:57', '5D9EE1AC1580F483'),
(67, 17, 'Account Payable', 1570693552, 1, 'No', 1, 1, '2021-11-06 16:20:57', '5D9EE1AC15AAD484'),
(68, 17, 'Account Receivable', 1570693553, 1, 'No', 1, 1, '2021-11-06 16:20:57', '5D9EE1AC15CE4485'),
(69, 17, 'Capital', 1570693554, 1, 'No', 1, 1, '2021-11-06 16:20:57', '5D9EE1AC15F10486'),
(70, 17, 'Expense', 1570693555, 1, 'No', 0, NULL, NULL, '5D9EE1AC1612D487'),
(71, 17, 'Purchase A/C', 1570693556, 1, 'No', 1, 1, '2021-11-06 16:20:57', '5D9EE1AC1638E488'),
(72, 17, 'Sales A/C', 1570693557, 1, 'No', 1, 1, '2021-11-06 16:20:57', '5D9EE1AC1657E489'),
(73, 17, 'Company or Business A/C', 1570693619, 1, 'No', 1, 1, '2021-11-06 16:20:57', '5D9EE1F396610590'),
(74, 17, 'Income', 1570693620, 1, 'No', 0, NULL, NULL, '5D9EE1F396903591'),
(76, 13, 'Cash at Bank', 1570776506, 1, 'No', 1, 1, '2021-11-06 16:20:31', '5DA025BA8CD4D260'),
(77, 18, 'Cash In Hand', 1574500897, 1, 'No', 0, NULL, NULL, '5DD8FA2139EA2370'),
(78, 18, 'Cash at Bank', 1574500898, 1, 'No', 0, NULL, NULL, '5DD8FA213A17B371'),
(79, 18, 'Creditors/ Supplier', 1574500899, 1, 'No', 0, NULL, NULL, '5DD8FA213A3BF372'),
(80, 18, 'Debtors/ Customer', 1574500900, 1, 'No', 0, NULL, NULL, '5DD8FA213A608373'),
(81, 18, 'Income', 1574500901, 1, 'No', 0, NULL, NULL, '5DD8FA213A824374'),
(82, 18, 'Expense', 1574500902, 1, 'No', 0, NULL, NULL, '5DD8FA213AA67375'),
(83, 18, 'Capital', 1574500903, 1, 'No', 0, NULL, NULL, '5DD8FA213AC8C376'),
(84, 18, 'Account Receivable', 1574500904, 1, 'No', 0, NULL, NULL, '5DD8FA213AE96377'),
(85, 18, 'Account Payable', 1574500905, 1, 'No', 0, NULL, NULL, '5DD8FA213B0BA378'),
(86, 18, 'Purchase A/C', 1574500906, 1, 'No', 0, NULL, NULL, '5DD8FA213B306379'),
(87, 18, 'Sales A/C', 1574500916, 1, 'No', 0, NULL, NULL, '5DD8FA34EFDA9560'),
(88, 13, 'কোম্পানী অন্যান্য বিসনেজ', 1575202468, 1, 'No', 1, 1, '2021-11-06 16:19:24', '5DE3AEA4C35FC280'),
(89, 13, 'ডায়ার পাটি হামিদ পূর্বের জের', 1579861395, 1, 'No', 1, 32, '2020-01-24 04:27:26', '5E2AC593E8F30150'),
(90, 19, 'Cash In Hand', 1582545506, 1, 'No', 0, NULL, NULL, '5E53BA62531AB260'),
(91, 19, 'Cash at Bank', 1583127373, 1, 'No', 0, NULL, NULL, '5E5C9B4D8FE14130'),
(92, 19, 'Creditors/ Supplier', 1583127374, 1, 'No', 0, NULL, NULL, '5E5C9B4D900BE131'),
(93, 19, 'Debtors/ Customer', 1583127375, 1, 'No', 0, NULL, NULL, '5E5C9B4D90260132'),
(94, 19, 'Income', 1583127376, 1, 'No', 0, NULL, NULL, '5E5C9B4D90406133'),
(95, 19, 'Expense', 1583127377, 1, 'No', 0, NULL, NULL, '5E5C9B4D9059B134'),
(96, 19, 'Capital', 1583127378, 1, 'No', 0, NULL, NULL, '5E5C9B4D9073C135'),
(97, 19, 'Account Receivable', 1583127379, 1, 'No', 0, NULL, NULL, '5E5C9B4D908C9136'),
(98, 19, 'Account Payable', 1583127380, 1, 'No', 0, NULL, NULL, '5E5C9B4D90A47137'),
(99, 19, 'Purchase A/C', 1583127381, 1, 'No', 0, NULL, NULL, '5E5C9B4D90BD7138'),
(100, 19, 'Sales A/C', 1583127382, 1, 'No', 0, NULL, NULL, '5E5C9B4D90D61139'),
(101, 1, 'Party', 1632514911, 1, 'No', 1, 1, '2021-11-06 16:21:30', '614E335F3A650510'),
(102, 20, 'Cash In Hand	', 1632546700, 1, 'No', 0, NULL, NULL, '614EAF8C6C6D8400'),
(103, 20, 'Cash at Bank	', 1632546701, 1, 'No', 0, NULL, NULL, '614EAF8C6C897401'),
(104, 20, 'Creditors/ Supplier	', 1632546702, 1, 'No', 0, NULL, NULL, '614EAF8C6C997402'),
(105, 20, 'Debtors/ Customer	', 1632546703, 1, 'No', 0, NULL, NULL, '614EAF8C6CA8B403'),
(106, 20, 'Income	', 1632546704, 1, 'No', 0, NULL, NULL, '614EAF8C6CB82404'),
(107, 20, 'Expense	', 1632546705, 1, 'No', 0, NULL, NULL, '614EAF8C6CC71405'),
(108, 20, 'Capital	', 1632546706, 1, 'No', 0, NULL, NULL, '614EAF8C6CD5B406'),
(109, 20, 'Account Receivable	', 1632546707, 1, 'No', 0, NULL, NULL, '614EAF8C6CE43407'),
(110, 20, 'Account Payable	', 1632546708, 1, 'No', 0, NULL, NULL, '614EAF8C6CF2B408'),
(111, 20, 'Purchase A/C	', 1632546709, 1, 'No', 0, NULL, NULL, '614EAF8C6D05C409'),
(112, 20, 'Sales A/C	', 1632546712, 1, 'No', 0, NULL, NULL, '614EAF9832EC2520'),
(113, 13, 'Dhan croy khat ', 1636193427, 1, 'No', 1, 1, '2021-11-06 16:20:31', '6186549358E1A270'),
(114, 13, 'Dhan bikroy khat ', 1636193428, 1, 'No', 1, 1, '2021-11-06 16:20:31', '618654935E583271'),
(115, 15, 'Party', 1637822944, 1, 'No', 0, NULL, NULL, '619F31E02D25B040');


CREATE TABLE `particulars` (
  `id` int(10) NOT NULL,
  `institute_id` int(11) DEFAULT NULL,
  `bank_name` text,
  `account_name` text,
  `account_no` varchar(100) DEFAULT NULL,
  `head_id` int(11) DEFAULT NULL,
  `subhead_id` int(11) DEFAULT NULL,
  `account_id` int(11) DEFAULT NULL,
  `customer_id` int(11) DEFAULT NULL,
  `supplier_id` int(11) DEFAULT NULL,
  `mobile` varchar(30) DEFAULT NULL,
  `address` text,
  `name` varchar(200) DEFAULT NULL,
  `company_name` varchar(150) DEFAULT NULL,
  `account_type` enum('CC loan A/C','Savings A/C','Current A/C','LC A/C','LTR A/C','Loan A/C (Monthly Installment)') DEFAULT NULL,
  `cc_loan_amount` double DEFAULT NULL,
  `credit_limit` double DEFAULT NULL,
  `mon` double DEFAULT NULL,
  `commission` double DEFAULT NULL,
  `code` int(10) DEFAULT NULL,
  `file_no` varchar(15) DEFAULT NULL,
  `created_at` datetime DEFAULT NULL,
  `created_by` int(11) DEFAULT NULL,
  `modified_at` datetime DEFAULT NULL,
  `modified_by` int(12) DEFAULT NULL,
  `is_deleted` tinyint(2) NOT NULL DEFAULT '0',
  `deleted_by` int(11) DEFAULT NULL,
  `deleted_at` datetime DEFAULT NULL,
  `_key` varchar(32) DEFAULT NULL
) ENGINE=InnoDB DEFAULT CHARSET=utf8;

INSERT INTO `particulars` (`id`, `institute_id`, `bank_name`, `account_name`, `account_no`, `head_id`, `subhead_id`, `account_id`, `customer_id`, `supplier_id`, `mobile`, `address`, `name`, `company_name`, `account_type`, `cc_loan_amount`, `credit_limit`, `mon`, `commission`, `code`, `file_no`, `created_at`, `created_by`, `modified_at`, `modified_by`, `is_deleted`, `deleted_by`, `deleted_at`, `_key`) VALUES
(1, 13, NULL, NULL, NULL, 113, 1, NULL, NULL, NULL, NULL, 'RNG', 'Md Raju Khan', NULL, NULL, NULL, NULL, NULL, NULL, 23026, NULL, NULL, NULL, NULL, NULL, 1, 1, '2021-11-06 16:20:31', '6186558951A6E33'),
(2, 13, NULL, NULL, NULL, 114, 2, NULL, NULL, NULL, NULL, 'SDP', 'MD Khan', NULL, NULL, NULL, NULL, NULL, NULL, 23027, NULL, NULL, NULL, NULL, NULL, 1, 1, '2021-11-06 16:20:31', '618655A08CAE356'),
(3, 1, NULL, NULL, NULL, 3, 4, NULL, NULL, NULL, NULL, NULL, 'Abdul Mojid', NULL, NULL, NULL, NULL, NULL, NULL, 23028, NULL, NULL, NULL, NULL, NULL, 1, 7, '2021-11-24 13:17:27', '61865C7C0630312'),
(4, 1, NULL, NULL, NULL, 3, 4, NULL, NULL, NULL, NULL, 'Rangpur', 'Md Nur Alom', NULL, NULL, NULL, NULL, NULL, NULL, 23029, NULL, NULL, NULL, NULL, NULL, 1, 7, '2021-11-24 14:32:00', '61878A7DDD48645'),
(5, 1, NULL, NULL, NULL, 3, 4, NULL, NULL, NULL, NULL, 'Rangpur', 'Moniruzzaman', NULL, NULL, NULL, NULL, NULL, NULL, 23030, NULL, NULL, NULL, NULL, NULL, 1, 7, '2021-11-24 14:32:00', '61878AA7C136A27'),
(6, 1, NULL, NULL, NULL, 3, 4, NULL, NULL, NULL, NULL, 'Dhaka', 'Jahangir Alom', NULL, NULL, NULL, NULL, NULL, NULL, 23031, NULL, NULL, NULL, NULL, NULL, 1, 7, '2021-11-24 14:32:00', '6188DAA420E0F00'),
(7, 1, NULL, NULL, NULL, 3, 4, NULL, NULL, NULL, NULL, 'ঢাকা', 'মাহমুদ', NULL, NULL, NULL, NULL, NULL, NULL, 23032, NULL, NULL, NULL, NULL, NULL, 1, 7, '2021-11-24 14:32:00', '6188DF001116236'),
(8, 1, NULL, NULL, NULL, 3, 4, NULL, NULL, NULL, NULL, 'Rangpur', 'Habibur Rahman', NULL, NULL, NULL, NULL, NULL, NULL, 23033, NULL, NULL, NULL, NULL, NULL, 1, 7, '2021-11-24 14:32:00', '618A1455A09FA25'),
(9, 1, NULL, NULL, NULL, 3, 4, NULL, NULL, NULL, NULL, 'Rangpur', 'Mehedi Hasan', NULL, NULL, NULL, NULL, NULL, NULL, 23034, NULL, NULL, NULL, NULL, NULL, 1, 7, '2021-11-24 14:32:00', '618A1496E1F6D30'),
(10, 1, NULL, NULL, NULL, 3, 4, NULL, NULL, NULL, NULL, 'Rangpur', 'Ma Bosta Ghor', NULL, NULL, NULL, NULL, NULL, NULL, 23035, NULL, NULL, NULL, NULL, NULL, 1, 7, '2021-11-24 14:32:00', '618A1FDD3926337'),
(11, 1, NULL, NULL, NULL, 3, 4, NULL, NULL, NULL, NULL, 'Dhaka', 'Omor Boshir', NULL, NULL, NULL, NULL, NULL, NULL, 23036, NULL, NULL, NULL, NULL, NULL, 1, 7, '2021-11-24 14:32:00', '6198D35FBBADF15'),
(12, 1, NULL, NULL, NULL, 3, 15, NULL, NULL, NULL, '018275815069', 'Keranigonj Dhaka', 'M/S Khondoker Rice', NULL, NULL, NULL, NULL, NULL, NULL, 23037, NULL, NULL, NULL, NULL, NULL, 0, NULL, NULL, '619DF8DFB915C35'),
(13, 1, NULL, NULL, NULL, 3, 15, NULL, NULL, NULL, NULL, 'Ahammedpur', 'Md Mintu', NULL, NULL, NULL, NULL, NULL, NULL, 23038, NULL, NULL, NULL, NULL, NULL, 0, NULL, NULL, '619DF91C30B1136'),
(14, 1, NULL, NULL, NULL, 3, 15, NULL, NULL, NULL, NULL, 'Jatrabari Dhaka', 'M/S Bayozid Rice', NULL, NULL, NULL, NULL, NULL, NULL, 23039, NULL, NULL, NULL, NULL, NULL, 0, NULL, NULL, '619DF94BE70CC23'),
(15, 1, NULL, NULL, NULL, 3, 15, NULL, NULL, NULL, NULL, 'Oyaliya', 'Md Milon', NULL, NULL, NULL, NULL, NULL, NULL, 23040, NULL, NULL, NULL, NULL, NULL, 0, NULL, NULL, '619DF9BDA777117'),
(16, 1, NULL, NULL, NULL, 3, 15, NULL, NULL, NULL, NULL, 'Nator', 'M/S Choudhori Rice', NULL, NULL, NULL, NULL, NULL, NULL, 23041, NULL, NULL, NULL, NULL, NULL, 0, NULL, NULL, '619DFA2D346C809'),
(17, 1, NULL, NULL, NULL, 3, 15, NULL, NULL, NULL, NULL, 'Chaskor Bazar', 'M/S Sotota Rice', NULL, NULL, NULL, NULL, NULL, NULL, 23042, NULL, NULL, NULL, NULL, NULL, 0, NULL, NULL, '619DFA60B808900'),
(18, 1, NULL, NULL, NULL, 3, 15, NULL, NULL, NULL, NULL, 'Tejgong Dhaka', 'M/S Al Amin Rice', NULL, NULL, NULL, NULL, NULL, NULL, 23043, NULL, NULL, NULL, NULL, NULL, 0, NULL, NULL, '619DFAAB0157A15'),
(19, 1, NULL, NULL, NULL, 3, 15, NULL, NULL, NULL, NULL, 'Babu Bazar, Dhaka', 'M/S Dada Rice', NULL, 'Savings A/C', NULL, NULL, NULL, NULL, 23044, NULL, NULL, NULL, NULL, NULL, 0, NULL, NULL, '619DFB1E64F0510'),
(20, 1, NULL, NULL, NULL, 3, 15, NULL, NULL, NULL, NULL, 'Badamtoli Babubazar,Dhaka', 'M/S Doyal Vorosha Rice', NULL, NULL, NULL, NULL, NULL, NULL, 23045, NULL, NULL, NULL, NULL, NULL, 0, NULL, NULL, '619DFB5DD94D613'),
(21, 1, NULL, NULL, NULL, 3, 15, NULL, NULL, NULL, NULL, 'Keranigonj,Dhaka', 'M/S Esrak Rice', NULL, NULL, NULL, NULL, NULL, NULL, 23046, NULL, NULL, NULL, NULL, NULL, 0, NULL, NULL, '619DFB922E53D06'),
(22, 1, NULL, NULL, NULL, 3, 15, NULL, NULL, NULL, NULL, 'Monirampur,Nator', 'Md Helal Uddin', NULL, NULL, NULL, NULL, NULL, NULL, 23047, NULL, NULL, NULL, NULL, NULL, 0, NULL, NULL, '619DFBC390ACA55'),
(23, 1, NULL, NULL, NULL, 3, 15, NULL, NULL, NULL, NULL, 'Ahammedpur', 'M/S Goni Chaul Ghor', NULL, NULL, NULL, NULL, NULL, NULL, 23048, NULL, NULL, NULL, NULL, NULL, 0, NULL, NULL, '619DFC05ABFA301'),
(24, 1, NULL, NULL, NULL, 3, 15, NULL, NULL, NULL, NULL, 'Bonpara', 'Md Abdul Hamid', NULL, NULL, NULL, NULL, NULL, NULL, 23049, NULL, NULL, NULL, NULL, NULL, 0, NULL, NULL, '619DFC2B7754E39'),
(25, 1, NULL, NULL, NULL, 3, 15, NULL, NULL, NULL, NULL, 'Jatrabari,Dhaka', 'M/S Jonopriyo Rice', NULL, NULL, NULL, NULL, NULL, NULL, 23050, NULL, NULL, NULL, NULL, NULL, 0, NULL, NULL, '619DFC69C4F5241'),
(26, 1, NULL, NULL, NULL, 3, 15, NULL, NULL, NULL, NULL, 'Babu Bazar, Dhaka', 'M/S Ziyabul Rice', NULL, NULL, NULL, NULL, NULL, NULL, 23051, NULL, NULL, NULL, NULL, NULL, 0, NULL, NULL, '619DFCA3B511C39'),
(27, 1, NULL, NULL, NULL, 3, 15, NULL, NULL, NULL, NULL, 'Bagatipara', 'Md Juyel Hossen', NULL, NULL, NULL, NULL, NULL, NULL, 23052, NULL, NULL, NULL, NULL, NULL, 0, NULL, NULL, '619DFCFB48B1007'),
(28, 1, NULL, NULL, NULL, 3, 15, NULL, NULL, NULL, '01711415567', 'Sabar, Dhaka', 'Intach Corporetion', NULL, NULL, NULL, NULL, NULL, NULL, 23053, NULL, NULL, NULL, NULL, NULL, 0, NULL, NULL, '619DFD3A63AF910'),
(29, 1, NULL, NULL, NULL, 3, 15, NULL, NULL, NULL, NULL, 'Tejgonj, Dhaka', 'M/S Mojaffor Rice', NULL, NULL, NULL, NULL, NULL, NULL, 23054, NULL, NULL, NULL, NULL, NULL, 0, NULL, NULL, '619DFD6F4792103'),
(30, 1, NULL, NULL, NULL, 3, 15, NULL, NULL, NULL, NULL, 'Demra Dhaka', 'M/S Nafij Rice', NULL, NULL, NULL, NULL, NULL, NULL, 23055, NULL, NULL, NULL, NULL, NULL, 0, NULL, NULL, '619DFD960347942'),
(31, 1, NULL, NULL, NULL, 3, 15, NULL, NULL, NULL, NULL, 'Bonpara', 'M/S M K Traders', NULL, NULL, NULL, NULL, NULL, NULL, 23056, NULL, NULL, NULL, NULL, NULL, 0, NULL, NULL, '619DFDB8F07B016'),
(32, 1, NULL, NULL, NULL, 3, 15, NULL, NULL, NULL, '01920302772', 'Rampura,Dhaka', 'M/S Rouf Rice', NULL, NULL, NULL, NULL, NULL, NULL, 23057, NULL, NULL, NULL, NULL, NULL, 0, NULL, NULL, '619DFDE6A14F502'),
(33, 1, NULL, NULL, NULL, 3, 15, NULL, NULL, NULL, NULL, 'Bonpara', 'M/S Siblu Store', NULL, NULL, NULL, NULL, NULL, NULL, 23058, NULL, NULL, NULL, NULL, NULL, 0, NULL, NULL, '619DFE5C3323700'),
(34, 1, NULL, NULL, NULL, 3, 15, NULL, NULL, NULL, NULL, 'Boncharampur,', 'M/S Bosir Enterprise', NULL, NULL, NULL, NULL, NULL, NULL, 23059, NULL, NULL, NULL, NULL, NULL, 0, NULL, NULL, '619DFEB04C87324'),
(35, 1, NULL, NULL, NULL, 3, 15, NULL, NULL, NULL, NULL, 'Gaibandha', 'M/S J F Enterprise', NULL, NULL, NULL, NULL, NULL, NULL, 23060, NULL, NULL, NULL, NULL, NULL, 0, NULL, NULL, '619DFEEC6674C24'),
(36, 1, NULL, NULL, NULL, 3, 15, NULL, NULL, NULL, NULL, 'Nator', 'Golden Feed', NULL, NULL, NULL, NULL, NULL, NULL, 23061, NULL, NULL, NULL, NULL, NULL, 0, NULL, NULL, '619DFF4F2E86E03'),
(37, 1, NULL, NULL, NULL, 3, 15, NULL, NULL, NULL, NULL, 'Nator', 'M/S Tuba Rice', NULL, NULL, NULL, NULL, NULL, NULL, 23062, NULL, NULL, NULL, NULL, NULL, 0, NULL, NULL, '619DFF6F8815C35'),
(38, 1, NULL, NULL, NULL, 3, 15, NULL, NULL, NULL, NULL, 'Chatmohor', 'M/S Dulal Chaul Ghor', NULL, NULL, NULL, NULL, NULL, NULL, 23063, NULL, NULL, NULL, NULL, NULL, 0, NULL, NULL, '619DFFAADA91534'),
(39, 1, NULL, NULL, NULL, 3, 15, NULL, NULL, NULL, '01711245110', 'Nator', 'M/S Sotota Rice (Zakir)', NULL, NULL, NULL, NULL, NULL, NULL, 23064, NULL, NULL, NULL, NULL, NULL, 0, NULL, NULL, '619DFFE7063EE35'),
(40, 1, NULL, NULL, NULL, 3, 15, NULL, NULL, NULL, NULL, 'Keranigonj, Dhaka', 'M/S Nator Shabau Rice', NULL, NULL, NULL, NULL, NULL, NULL, 23065, NULL, NULL, NULL, NULL, NULL, 0, NULL, NULL, '619E00517E41121'),
(41, 1, NULL, NULL, NULL, 3, 15, NULL, NULL, NULL, NULL, NULL, 'laky khatun (Sotobon)', NULL, NULL, NULL, NULL, NULL, NULL, 23066, NULL, NULL, NULL, NULL, NULL, 0, NULL, NULL, '619E0091BA74925'),
(42, 1, NULL, NULL, NULL, 3, 15, NULL, NULL, NULL, NULL, 'Nator', 'Md Eyaqub Ali', NULL, NULL, NULL, NULL, NULL, NULL, 23067, NULL, NULL, NULL, NULL, NULL, 0, NULL, NULL, '619E01412D61621'),
(43, 1, NULL, NULL, NULL, 3, 15, NULL, NULL, NULL, NULL, 'Saver, Dhaka', 'M/S Katgora Rice Agency', NULL, NULL, NULL, NULL, NULL, NULL, 23068, NULL, NULL, NULL, NULL, NULL, 0, NULL, NULL, '619E028200EFB42'),
(44, 1, NULL, NULL, NULL, 3, 15, NULL, NULL, NULL, NULL, 'Maona,Gajipur', 'M/S Arif Traders', NULL, NULL, NULL, NULL, NULL, NULL, 23069, NULL, NULL, NULL, NULL, NULL, 0, NULL, NULL, '619E02B6798AD34'),
(45, 1, NULL, NULL, NULL, 3, 15, NULL, NULL, NULL, NULL, 'Pabna', 'Md Monoyer Hossen (7st)', NULL, NULL, NULL, NULL, NULL, NULL, 23070, NULL, NULL, NULL, NULL, NULL, 0, NULL, NULL, '619E0316933B810'),
(46, 1, NULL, NULL, NULL, 3, 15, NULL, NULL, NULL, NULL, 'Moyona', 'M/S Suchi Enterprise', NULL, NULL, NULL, NULL, NULL, NULL, 23071, NULL, NULL, NULL, NULL, NULL, 0, NULL, NULL, '619E036750F3631'),
(47, 1, NULL, NULL, NULL, 3, 15, NULL, NULL, NULL, NULL, 'Asuliya, Saver,Dhaka', 'M/S Manikgonj Rice', NULL, NULL, NULL, NULL, NULL, NULL, 23072, NULL, NULL, NULL, NULL, NULL, 0, NULL, NULL, '619E0429D284F45'),
(48, 1, NULL, NULL, NULL, 3, 15, NULL, NULL, NULL, NULL, NULL, 'Dr Goni Vai', NULL, NULL, NULL, NULL, NULL, NULL, 23073, NULL, NULL, NULL, NULL, NULL, 0, NULL, NULL, '619E0441EDEA209'),
(49, 1, NULL, NULL, NULL, 3, 15, NULL, NULL, NULL, NULL, 'Bonpara', 'Md Soriful Islam', NULL, NULL, NULL, NULL, NULL, NULL, 23074, NULL, NULL, NULL, NULL, NULL, 0, NULL, NULL, '619E0469D9B8249'),
(50, 1, NULL, NULL, NULL, 3, 15, NULL, NULL, NULL, NULL, 'Nator', 'Md Sakku Vai', NULL, NULL, NULL, NULL, NULL, NULL, 23075, NULL, NULL, NULL, NULL, NULL, 0, NULL, NULL, '619E0486658B418'),
(51, 1, NULL, NULL, NULL, 3, 15, NULL, NULL, NULL, NULL, 'Dhaka', 'M/S Sathi Rice', NULL, NULL, NULL, NULL, NULL, NULL, 23076, NULL, NULL, NULL, NULL, NULL, 0, NULL, NULL, '619E04AB95CB455'),
(52, 1, NULL, NULL, NULL, 3, 15, NULL, NULL, NULL, NULL, 'Bagatipara,Nator', 'Md Siddiqur Rahman', NULL, NULL, NULL, NULL, NULL, NULL, 23077, NULL, NULL, NULL, NULL, NULL, 0, NULL, NULL, '619E04F07879204'),
(53, 1, NULL, NULL, NULL, 3, 15, NULL, NULL, NULL, NULL, 'Chaskor', 'M/S Progoti Rice', NULL, NULL, NULL, NULL, NULL, NULL, 23078, NULL, NULL, NULL, NULL, NULL, 0, NULL, NULL, '619E0543B626427'),
(54, 1, NULL, NULL, NULL, 3, 15, NULL, NULL, NULL, NULL, 'Nator', 'M/S Sipon Enterprise', NULL, NULL, NULL, NULL, NULL, NULL, 23079, NULL, NULL, NULL, NULL, NULL, 0, NULL, NULL, '619E0569D935B05'),
(55, 1, NULL, NULL, NULL, 3, 15, NULL, NULL, NULL, NULL, 'Mayerhat, Pirojpur', 'M/S Arif Traders', NULL, NULL, NULL, NULL, NULL, NULL, 23080, NULL, NULL, NULL, NULL, NULL, 0, NULL, NULL, '619E059DA06E857'),
(56, 1, NULL, NULL, NULL, 3, 15, NULL, NULL, NULL, NULL, 'Rajshahi', 'M/S Kuddus adn Sons', NULL, NULL, NULL, NULL, NULL, NULL, 23081, NULL, NULL, NULL, NULL, NULL, 0, NULL, NULL, '619E05DD4D53D01'),
(57, 1, NULL, NULL, NULL, 3, 15, NULL, NULL, NULL, NULL, 'Monirampur, Jessore', 'Md jakir', NULL, NULL, NULL, NULL, NULL, NULL, 23082, NULL, NULL, NULL, NULL, NULL, 0, NULL, NULL, '619E0663CA50415'),
(58, 1, NULL, NULL, NULL, 3, 15, NULL, NULL, NULL, '01708178146', 'Dhaka', 'M/S Mohosina Traders', NULL, NULL, NULL, NULL, NULL, NULL, 23083, NULL, NULL, NULL, NULL, NULL, 0, NULL, NULL, '619E0725EE26629'),
(59, 1, NULL, NULL, NULL, 3, 15, NULL, NULL, NULL, NULL, 'Bonpara', 'Hahem Shoroom', NULL, NULL, NULL, NULL, NULL, NULL, 23084, NULL, NULL, NULL, NULL, NULL, 0, NULL, NULL, '619E075CB2BAB24'),
(60, 1, NULL, NULL, NULL, 3, 15, NULL, NULL, NULL, NULL, 'Nator', 'M/S Sotota Rice (Jalal)', NULL, NULL, NULL, NULL, NULL, NULL, 23085, NULL, NULL, NULL, NULL, NULL, 0, NULL, NULL, '619E078F7872F15'),
(61, 1, NULL, NULL, NULL, 3, 15, NULL, NULL, NULL, NULL, 'Bonpara', 'Md Asraf', NULL, NULL, NULL, NULL, NULL, NULL, 23086, NULL, NULL, NULL, NULL, NULL, 0, NULL, NULL, '619E07CD657F817'),
(62, 1, NULL, NULL, NULL, 3, 4, NULL, NULL, NULL, '01718629752', 'Nator', 'M/S Mondol Traders (Rustom)', NULL, NULL, NULL, NULL, NULL, NULL, 23087, NULL, NULL, NULL, NULL, NULL, 0, NULL, NULL, '619E089DE255245'),
(63, 1, NULL, NULL, NULL, 3, 4, NULL, NULL, NULL, NULL, 'Nator', 'M/S Sekender Traders', NULL, NULL, NULL, NULL, NULL, NULL, 23088, NULL, NULL, NULL, NULL, NULL, 0, NULL, NULL, '619E08CFC98E235'),
(64, 1, NULL, NULL, NULL, 3, 4, NULL, NULL, NULL, NULL, 'Jinaidhaho', 'M/S Fahim Enterprise', NULL, NULL, NULL, NULL, NULL, NULL, 23089, NULL, NULL, NULL, NULL, NULL, 0, NULL, NULL, '619E09294854405'),
(65, 1, NULL, NULL, NULL, 3, 4, NULL, NULL, NULL, '01732361175', 'Chourasta,netrokona', 'M/S Sabbir Traders', NULL, NULL, NULL, NULL, NULL, NULL, 23090, NULL, NULL, NULL, NULL, NULL, 0, NULL, NULL, '619E09BA068A130'),
(66, 1, NULL, NULL, NULL, 3, 4, NULL, NULL, NULL, NULL, 'Vangura Bazar', 'M/S Shaporan', NULL, NULL, NULL, NULL, NULL, NULL, 23091, NULL, NULL, NULL, NULL, NULL, 0, NULL, NULL, '619E0B267F4B834'),
(67, 1, NULL, NULL, NULL, 3, 4, NULL, NULL, NULL, NULL, 'Chapai', 'M/S Simul Traders', NULL, NULL, NULL, NULL, NULL, NULL, 23092, NULL, NULL, NULL, NULL, NULL, 0, NULL, NULL, '619E0BE8C42CC48'),
(68, 1, NULL, NULL, NULL, 3, 4, NULL, NULL, NULL, NULL, 'Rajshahi', 'M/S Mafiqul Traders', NULL, NULL, NULL, NULL, NULL, NULL, 23093, NULL, NULL, NULL, NULL, NULL, 0, NULL, NULL, '619E0D65AA1C309'),
(69, 1, NULL, NULL, NULL, 3, 4, NULL, NULL, NULL, NULL, 'Dinajpur', 'M/S Ma Babar Doa', NULL, NULL, NULL, NULL, NULL, NULL, 23094, NULL, NULL, NULL, NULL, NULL, 0, NULL, NULL, '619E0D907C00852'),
(70, 1, NULL, NULL, NULL, 3, 4, NULL, NULL, NULL, NULL, 'Ponchogor', 'M/S Bismillaha Traders', NULL, NULL, NULL, NULL, NULL, NULL, 23095, NULL, NULL, NULL, NULL, NULL, 0, NULL, NULL, '619E0DC04420740'),
(71, 1, NULL, NULL, NULL, 3, 16, NULL, NULL, NULL, NULL, NULL, 'Sonali Rice', NULL, NULL, NULL, NULL, NULL, NULL, 23096, NULL, NULL, NULL, NULL, NULL, 0, NULL, NULL, '619E0F0D9DD6913'),
(72, 1, NULL, NULL, NULL, 3, 4, NULL, NULL, NULL, NULL, 'Chapai', 'M/S Akram Sossho Vander', NULL, NULL, NULL, NULL, NULL, NULL, 23097, NULL, NULL, NULL, NULL, NULL, 0, NULL, NULL, '619E10C01654328'),
(73, 1, NULL, NULL, NULL, 3, 4, NULL, NULL, NULL, NULL, 'Billi Bazar', 'M/S Mita Traders', NULL, NULL, NULL, NULL, NULL, NULL, 23098, NULL, NULL, NULL, NULL, NULL, 0, NULL, NULL, '619E10F511EEB21'),
(74, 1, NULL, NULL, NULL, 3, 4, NULL, NULL, NULL, NULL, 'Godagari,Rajshahi', 'M/S Alom Traders', NULL, NULL, NULL, NULL, NULL, NULL, 23099, NULL, NULL, NULL, NULL, NULL, 0, NULL, NULL, '619E111CB35CA00'),
(75, 1, NULL, NULL, NULL, 3, 4, NULL, NULL, NULL, NULL, 'Chapapur,Bogura', 'M/S Kundo and Sordar', NULL, NULL, NULL, NULL, NULL, NULL, 23100, NULL, NULL, NULL, NULL, NULL, 0, NULL, NULL, '619E114FDE56251'),
(76, 1, NULL, NULL, NULL, 3, 4, NULL, NULL, NULL, NULL, 'Tanor, Rajshahi', 'M/S Vai Vai Traders', NULL, NULL, NULL, NULL, NULL, NULL, 23101, NULL, NULL, NULL, NULL, NULL, 0, NULL, NULL, '619E117E191E538'),
(77, 1, NULL, NULL, NULL, 3, 4, NULL, NULL, NULL, NULL, 'Pabna', 'M/S Lohan Store', NULL, NULL, NULL, NULL, NULL, NULL, 23102, NULL, NULL, NULL, NULL, NULL, 0, NULL, NULL, '619E119EAA82010'),
(78, 1, NULL, NULL, NULL, 3, 4, NULL, NULL, NULL, NULL, 'Sampur Bazar Brahmanbaria', 'M/S Subroto Traders', NULL, NULL, NULL, NULL, NULL, NULL, 23103, NULL, NULL, NULL, NULL, NULL, 0, NULL, NULL, '619E11F99E9BE41'),
(79, 1, NULL, NULL, NULL, 3, 4, NULL, NULL, NULL, NULL, 'Nondigram, Bogura', 'M/S Ataur Rahman', NULL, NULL, NULL, NULL, NULL, NULL, 23104, NULL, NULL, NULL, NULL, NULL, 0, NULL, NULL, '619E122C08E6E32'),
(80, 1, NULL, NULL, NULL, 3, 4, NULL, NULL, NULL, NULL, 'Netrokona', 'M/S Sonkor Sha', NULL, NULL, NULL, NULL, NULL, NULL, 23105, NULL, NULL, NULL, NULL, NULL, 0, NULL, NULL, '619E1258EF40A16'),
(81, 1, NULL, NULL, NULL, 3, 4, NULL, NULL, NULL, NULL, 'Joypurhat', 'M/S Hasan Traders', NULL, NULL, NULL, NULL, NULL, NULL, 23106, NULL, NULL, NULL, NULL, NULL, 0, NULL, NULL, '619E1280C0FA756'),
(82, 1, NULL, NULL, NULL, 3, 4, NULL, NULL, NULL, NULL, 'Dinajpur', 'M/S Sorder Traders', NULL, NULL, NULL, NULL, NULL, NULL, 23107, NULL, NULL, NULL, NULL, NULL, 0, NULL, NULL, '619E129AC26B322'),
(83, 1, NULL, NULL, NULL, 3, 4, NULL, NULL, NULL, NULL, 'Tangail', 'M/S Borhan Enterprise', NULL, NULL, NULL, NULL, NULL, NULL, 23108, NULL, NULL, NULL, NULL, NULL, 0, NULL, NULL, '619E12CE2385114'),
(84, 1, NULL, NULL, NULL, 3, 4, NULL, NULL, NULL, NULL, 'Tangail', 'Md korim', NULL, NULL, NULL, NULL, NULL, NULL, 23109, NULL, NULL, NULL, NULL, NULL, 0, NULL, NULL, '619E12EFD4A2B47'),
(85, 1, NULL, NULL, NULL, 3, 4, NULL, NULL, NULL, NULL, 'Bogura', 'M/S Goni Traders', NULL, NULL, NULL, NULL, NULL, NULL, 23110, NULL, NULL, NULL, NULL, NULL, 0, NULL, NULL, '619E1311A0D6B21'),
(86, 1, NULL, NULL, NULL, 3, 4, NULL, NULL, NULL, NULL, 'Ghior Manikgonj', 'Md Saidur Rahman', NULL, NULL, NULL, NULL, NULL, NULL, 23111, NULL, NULL, NULL, NULL, NULL, 0, NULL, NULL, '619E13687F7BC48'),
(87, 1, NULL, NULL, NULL, 3, 4, NULL, NULL, NULL, NULL, 'Nouga', 'M/S Tin Vai Traders', NULL, NULL, NULL, NULL, NULL, NULL, 23112, NULL, NULL, NULL, NULL, NULL, 0, NULL, NULL, '619E13BB0227F11'),
(88, 1, NULL, NULL, NULL, 3, 4, NULL, NULL, NULL, NULL, 'Jessore', 'M/S Kundhu Enterprise', NULL, NULL, NULL, NULL, NULL, NULL, 23113, NULL, NULL, NULL, NULL, NULL, 0, NULL, NULL, '619E141F409CC51'),
(89, 1, NULL, NULL, NULL, 3, 4, NULL, NULL, NULL, NULL, 'koyrabazer, Sirajgonj', 'M/S Sofiqul Dhaner Arot / Mollah Traders', NULL, NULL, NULL, NULL, NULL, NULL, 23114, NULL, NULL, NULL, NULL, NULL, 0, NULL, NULL, '619E149F79AF659'),
(90, 1, NULL, NULL, NULL, 3, 4, NULL, NULL, NULL, NULL, 'Goyhata Sirajgonj', 'M/S Vai Vai Dhaner Arot', NULL, NULL, NULL, NULL, NULL, NULL, 23115, NULL, NULL, NULL, NULL, NULL, 0, NULL, NULL, '619E14CDBE81345'),
(91, 1, NULL, NULL, NULL, 3, 4, NULL, NULL, NULL, NULL, 'Chapai,Rajshahi', 'M/S Rubel Traders', NULL, NULL, NULL, NULL, NULL, NULL, 23116, NULL, NULL, NULL, NULL, NULL, 0, NULL, NULL, '619E14F5268DA25'),
(92, 1, NULL, NULL, NULL, 3, 4, NULL, NULL, NULL, NULL, 'Bolorampur, Sirajgonj', 'M/S Bablu Traders', NULL, NULL, NULL, NULL, NULL, NULL, 23117, NULL, NULL, NULL, NULL, NULL, 0, NULL, NULL, '619E151DD84FA05'),
(93, 1, NULL, NULL, NULL, 3, 4, NULL, NULL, NULL, NULL, 'Debipur, Nouga', 'M/S Habibor Traders', NULL, NULL, NULL, NULL, NULL, NULL, 23118, NULL, NULL, NULL, NULL, NULL, 0, NULL, NULL, '619E17A43F1D752'),
(94, 1, NULL, NULL, NULL, 3, 4, NULL, NULL, NULL, NULL, 'Billdoho,Nator', 'M/S Sotota Traders (Alomgir)', NULL, NULL, NULL, NULL, NULL, NULL, 23119, NULL, NULL, NULL, NULL, NULL, 0, NULL, NULL, '619E17F507DF113'),
(95, 1, NULL, NULL, NULL, 3, 4, NULL, NULL, NULL, NULL, 'Dinajpur', 'M/S Gousiya Traders', NULL, NULL, NULL, NULL, NULL, NULL, 23120, NULL, NULL, NULL, NULL, NULL, 0, NULL, NULL, '619E18352994717'),
(96, 1, NULL, NULL, NULL, 3, 4, NULL, NULL, NULL, NULL, 'Bonpara', 'Masud', NULL, NULL, NULL, NULL, NULL, NULL, 23121, NULL, NULL, NULL, NULL, NULL, 0, NULL, NULL, '619E184936B3237'),
(97, 1, NULL, NULL, NULL, 3, 4, NULL, NULL, NULL, NULL, NULL, 'M/S Mita  Traders (Toussik)', NULL, NULL, NULL, NULL, NULL, NULL, 23122, NULL, NULL, NULL, NULL, NULL, 0, NULL, NULL, '619E189575E7C53'),
(98, 1, NULL, NULL, NULL, 3, 4, NULL, NULL, NULL, NULL, 'Chalabazer', 'M/S Motin ( M I M ) Khaddho Vander', NULL, NULL, NULL, NULL, NULL, NULL, 23123, NULL, NULL, NULL, NULL, NULL, 0, NULL, NULL, '619E18C7F1E9243'),
(99, 1, NULL, NULL, NULL, 3, 4, NULL, NULL, NULL, NULL, 'Malipara', 'Masud local paddy', NULL, NULL, NULL, NULL, NULL, NULL, 23124, NULL, NULL, NULL, NULL, NULL, 0, NULL, NULL, '619E3C48D6C9F12'),
(100, 1, NULL, NULL, NULL, 3, 4, NULL, NULL, NULL, NULL, NULL, 'local Paddy Party', NULL, NULL, NULL, NULL, NULL, NULL, 23125, NULL, NULL, NULL, NULL, NULL, 0, NULL, NULL, '619F0B5E15A1446'),
(101, 1, NULL, NULL, NULL, 3, 15, NULL, NULL, NULL, NULL, NULL, 'Cash Sale', NULL, NULL, NULL, NULL, NULL, NULL, 23126, NULL, NULL, NULL, NULL, NULL, 0, NULL, NULL, '619F0E840527712'),
(102, 15, NULL, NULL, NULL, 3, 4, NULL, NULL, NULL, NULL, NULL, 'Party', NULL, NULL, NULL, NULL, NULL, NULL, 23127, NULL, NULL, NULL, NULL, NULL, 1, 1, '2021-11-25 12:33:54', '619F2E222FBF706'),
(103, 15, NULL, NULL, NULL, 115, 55, NULL, NULL, NULL, NULL, 'Ahammedpur, Nator', 'M/S Raton Enterprise', NULL, NULL, NULL, NULL, NULL, NULL, 23128, NULL, NULL, NULL, NULL, NULL, 0, NULL, NULL, '619F32746213932'),
(104, 15, NULL, NULL, NULL, 115, 55, NULL, NULL, NULL, NULL, 'Chanskhor,Nator', 'M/S Sonali Rice', NULL, NULL, NULL, NULL, NULL, NULL, 23129, NULL, NULL, NULL, NULL, NULL, 0, NULL, NULL, '619F32D73E83411'),
(105, 15, NULL, NULL, NULL, 115, 55, NULL, NULL, NULL, NULL, NULL, 'Raju', NULL, NULL, NULL, NULL, NULL, NULL, 23130, NULL, NULL, NULL, NULL, NULL, 1, 1, '2021-11-25 13:34:02', '619F3BEAC5B8354'),
(106, 15, NULL, NULL, NULL, 115, 55, NULL, NULL, NULL, NULL, NULL, 'Company Gazi Rice', NULL, NULL, NULL, NULL, NULL, NULL, 23131, NULL, NULL, NULL, NULL, NULL, 0, NULL, NULL, '619F3C2BC384359'),
(107, 1, NULL, NULL, NULL, 3, 16, NULL, NULL, NULL, NULL, NULL, 'Crassing Mill', NULL, NULL, NULL, NULL, NULL, NULL, 23132, NULL, NULL, NULL, NULL, NULL, 0, NULL, NULL, '61A4D7A340D7D39'),
(108, 15, NULL, NULL, NULL, 1, 3, NULL, NULL, NULL, NULL, NULL, 'test p', NULL, NULL, NULL, NULL, NULL, NULL, 23133, NULL, NULL, NULL, NULL, NULL, 0, NULL, NULL, '61A8737A82D7522'),
(109, 1, NULL, NULL, NULL, 3, 76, NULL, NULL, NULL, NULL, NULL, 'Gazi Auto Rice (Self)', NULL, NULL, NULL, NULL, NULL, NULL, 23134, NULL, NULL, NULL, NULL, NULL, 0, NULL, NULL, '61A8C126A4E7346');

-- --------------------------------------------------------

CREATE TABLE `subheads` (
  `id` int(11) NOT NULL,
  `institute_id` int(11) DEFAULT NULL,
  `head_id` int(11) DEFAULT NULL,
  `name` varchar(100) NOT NULL,
  `code` int(11) NOT NULL,
  `common` varchar(10) NOT NULL DEFAULT 'No',
  `is_deleted` tinyint(1) NOT NULL DEFAULT '0',
  `deleted_by` int(11) DEFAULT NULL,
  `deleted_at` datetime DEFAULT NULL,
  `_key` varchar(32) DEFAULT NULL
) ENGINE=InnoDB DEFAULT CHARSET=utf8;


INSERT INTO `subheads` (`id`, `institute_id`, `head_id`, `name`, `code`, `common`, `is_deleted`, `deleted_by`, `deleted_at`, `_key`) VALUES
(1, 13, 113, 'Croy Khat', 1636193554, 'No', 1, 1, '2021-11-06 16:20:31', '618655122D418340'),
(2, 13, 114, 'Bikroy Khat', 1636193555, 'No', 1, 1, '2021-11-06 16:20:31', '61865512315F1341'),
(3, 1, 1, 'Cash Account', 1636195377, 'Yes', 0, NULL, NULL, '61865C31D8F52570'),
(4, 1, 3, 'Paddy Party', 1636195412, 'Yes', 0, NULL, NULL, '61865C541B649320'),
(5, 1, 2, 'Sonali Bank', 1636195427, 'Yes', 0, NULL, NULL, '61865C63483CD470'),
(6, 1, 7, 'লেবার বিল', 1636195494, 'No', 1, 7, '2021-11-25 09:24:15', '61865CA60ED1C540'),
(7, 1, 7, 'ইলেক্ট্রিক বিল', 1636195495, 'No', 1, 7, '2021-11-25 09:24:15', '61865CA60EFAA541'),
(8, 1, 11, 'Paddy purchasing sector', 1636195565, 'No', 0, NULL, NULL, '61865CED66E4A050'),
(9, 1, 11, 'Empty bag purchasing sector', 1636195566, 'No', 0, NULL, NULL, '61865CED6719C051'),
(10, 1, 11, 'Spare part purchasing sector', 1636195567, 'No', 0, NULL, NULL, '61865CED673AB052'),
(11, 1, 12, 'Paddy sales sector', 1636195630, 'No', 0, NULL, NULL, '61865D2EF3C3F100'),
(12, 1, 12, 'Rice sales sector', 1636195631, 'No', 0, NULL, NULL, '61865D2EF3EF0101'),
(13, 1, 12, 'Other sales sector', 1636195632, 'No', 0, NULL, NULL, '61865D2EF4068102'),
(14, 1, 12, 'Empty bag sales sector', 1636195634, 'No', 0, NULL, NULL, '61865D2F00046113'),
(15, 1, 3, 'Rice Party', 1637738037, 'Yes', 0, NULL, NULL, '619DE635B23B8570'),
(16, 1, 3, 'Diar Party', 1637748466, 'No', 0, NULL, NULL, '619E0EF26E87B460'),
(17, 1, 9, 'Opening Balance', 1637751666, 'Yes', 0, NULL, NULL, '619E1B72E2971060'),
(18, 13, 31, 'daily office ex', 1637762481, 'No', 1, 7, '2021-11-25 09:51:12', '619E45B1C8456210'),
(19, 13, 31, 'labour bill ', 1637762482, 'No', 1, 7, '2021-11-25 09:51:12', '619E45B1D0BE7211'),
(20, 17, 31, 'Daily Labor Bill', 1637810318, 'No', 0, NULL, NULL, '619F008ED787D380'),
(21, 13, 31, 'Loading Bill', 1637810319, 'No', 1, 7, '2021-11-25 09:57:24', '619F008ED7E0C381'),
(22, 13, 31, 'Unloading Bill', 1637810320, 'No', 1, 7, '2021-11-25 09:57:24', '619F008ED81F6382'),
(23, 13, 31, 'Transport Bill', 1637810321, 'No', 0, NULL, NULL, '619F008ED85AC383'),
(24, 13, 31, 'Electricity Bill	', 1637810322, 'No', 0, NULL, NULL, '619F008ED885E384'),
(25, 13, 31, 'News Paper Bill', 1637810323, 'No', 0, NULL, NULL, '619F008ED8A2D385'),
(26, 13, 31, 'Conveyance Bill	', 1637810324, 'No', 0, NULL, NULL, '619F008ED8BFB386'),
(27, 13, 31, 'Printing and Stationery Bill	', 1637810325, 'No', 0, NULL, NULL, '619F008ED8D99387'),
(28, 13, 31, 'Office Maintenance	Bill	', 1637810326, 'No', 0, NULL, NULL, '619F008ED8F39388'),
(29, 13, 31, 'Internet Bill	', 1637810327, 'No', 0, NULL, NULL, '619F008ED90D1389'),
(30, 13, 31, 'Entertainment	Bill', 1637810443, 'No', 1, 7, '2021-11-25 09:57:24', '619F010B715C3430'),
(31, 13, 31, 'Entertainment	Bill', 1637810444, 'No', 0, NULL, NULL, '619F010B71B0E431'),
(32, 13, 31, 'Salary', 1637810445, 'No', 0, NULL, NULL, '619F010B71F12432'),
(33, 13, 31, 'Bonus', 1637810446, 'No', 0, NULL, NULL, '619F010B722E2433'),
(34, 13, 31, 'Tours & Traveling	', 1637810447, 'No', 0, NULL, NULL, '619F010B7262C434'),
(35, 13, 31, 'Mobile Bill	', 1637810448, 'No', 0, NULL, NULL, '619F010B729A9435'),
(36, 13, 31, 'Car Fuel & Lubricants	', 1637810449, 'No', 0, NULL, NULL, '619F010B72CE5436'),
(37, 13, 31, 'Motor Cycle Fuel & Lubricants	', 1637810450, 'No', 0, NULL, NULL, '619F010B73113437'),
(38, 13, 31, 'Micro/Car Repair & Maintenance	', 1637810451, 'No', 0, NULL, NULL, '619F010B7349F438'),
(39, 13, 31, 'Machineries Parts Repair & Maintenance	', 1637810452, 'No', 0, NULL, NULL, '619F010B737CE439'),
(40, 13, 31, 'Electrical Equipment Repair & Maintenance	', 1637810553, 'No', 0, NULL, NULL, '619F0179607BC330'),
(41, 13, 31, 'Donation', 1637810554, 'No', 0, NULL, NULL, '619F0179609B8331'),
(42, 13, 31, ' Office Expenses', 1637810555, 'No', 0, NULL, NULL, '619F017960B25332'),
(43, 13, 31, 'Software Maintains	', 1637810556, 'No', 0, NULL, NULL, '619F017960C89333'),
(44, 13, 31, 'Rasel Car Driver', 1637812678, 'No', 0, NULL, NULL, '619F09C688E1C580'),
(45, 13, 31, 'Rope Expense', 1637812679, 'No', 0, NULL, NULL, '619F09C68964A581'),
(46, 13, 31, 'Advance Draining', 1637812680, 'No', 0, NULL, NULL, '619F09C689A55582'),
(47, 13, 31, 'Mostofa Sorder', 1637812681, 'No', 0, NULL, NULL, '619F09C689E15583'),
(48, 13, 31, 'Mijan PM', 1637812682, 'No', 0, NULL, NULL, '619F09C68A1E5584'),
(49, 13, 31, 'Others Expenses', 1637813445, 'No', 0, NULL, NULL, '619F0CC5C18F5450'),
(50, 1, 2, 'Janata Bank', 1637813640, 'Yes', 0, NULL, NULL, '619F0D88E9B3A000'),
(51, 17, 70, 'Electricity Bill', 1637819783, 'No', 0, NULL, NULL, '619F258742D62230'),
(52, 17, 70, 'Machineries Parts Repair & Maintenance', 1637819784, 'No', 0, NULL, NULL, '619F25875067A231'),
(53, 17, 70, 'Transport Bill', 1637819785, 'No', 0, NULL, NULL, '619F2587508D4232'),
(54, 17, 70, 'Advance Draining', 1637819786, 'No', 0, NULL, NULL, '619F258750A6B233'),
(55, 15, 115, 'Transport Party', 1637822989, 'Yes', 0, NULL, NULL, '619F320D7C5AF490'),
(56, 15, 57, 'ড্রাইভার বকশিস', 1637824391, 'No', 0, NULL, NULL, '619F37875A8D6110'),
(57, 15, 57, 'গাড়ী গ্যারেজ	', 1637824392, 'No', 0, NULL, NULL, '619F37875AF1F111'),
(58, 15, 57, 'গাড়ী মেরামত বাবদ	', 1637824393, 'No', 0, NULL, NULL, '619F37875B31E112'),
(59, 15, 57, 'ডিজেল	', 1637824394, 'No', 0, NULL, NULL, '619F37875B6A7113'),
(60, 15, 57, 'সেতু / টোল', 1637824395, 'No', 0, NULL, NULL, '619F37875B979114'),
(61, 15, 57, 'লেবার বকশিষ	', 1637824396, 'No', 0, NULL, NULL, '619F37875BB8A115'),
(62, 15, 57, 'চাঁদা ', 1637824397, 'No', 0, NULL, NULL, '619F37875BD61116'),
(63, 15, 57, 'পুলিশ খরচ	', 1637824398, 'No', 0, NULL, NULL, '619F37875BF80117'),
(64, 15, 57, 'খোরাকি	', 1637824399, 'No', 0, NULL, NULL, '619F37875C12B118'),
(65, 15, 57, 'লাইন ম্যান	', 1637824400, 'No', 0, NULL, NULL, '619F37875C29C119'),
(66, 15, 57, 'মোবাইল ব্যাংকিং চার্জ', 1637824639, 'No', 0, NULL, NULL, '619F387FBE4DA190'),
(67, 15, 57, 'শ্রমিক অফিস', 1637824640, 'No', 0, NULL, NULL, '619F387FBE949191'),
(68, 15, 57, 'যাতায়াত খরচ	', 1637824641, 'No', 0, NULL, NULL, '619F387FBEB4E192'),
(69, 15, 57, 'বাংলা CNF	', 1637824642, 'No', 0, NULL, NULL, '619F387FBECB3193'),
(70, 15, 57, 'ইন্ডিয়ান CNF	', 1637824643, 'No', 0, NULL, NULL, '619F387FBEE2C194'),
(71, 15, 57, 'মবিল', 1637824644, 'No', 0, NULL, NULL, '619F387FBEF69195'),
(72, 15, 57, 'ভরাট বালি ক্রয়', 1637825861, 'No', 0, NULL, NULL, '619F3D4594481410'),
(73, 15, 57, 'মোটা বালি ক্রয়', 1637825862, 'No', 0, NULL, NULL, '619F3D4594755411'),
(74, 15, 57, 'ড্রাইভার  কমিশন', 1637825996, 'No', 0, NULL, NULL, '619F3DCC5F979560'),
(75, 15, 57, 'ড্রাইভার  বেতন', 1637825997, 'No', 0, NULL, NULL, '619F3DCC5FC2C561'),
(76, 1, 3, 'Diarparty', 1638449412, 'No', 0, NULL, NULL, '61A8C10480E47120');

ALTER TABLE `heads`
  ADD PRIMARY KEY (`id`),
  ADD KEY `code` (`code`),
  ADD KEY `institute_id` (`institute_id`),
  ADD KEY `is_deleted` (`is_deleted`),
  ADD KEY `_key` (`_key`),
  ADD KEY `is_fixed` (`is_fixed`),
  ADD KEY `common` (`common`);

ALTER TABLE `particulars`
  ADD PRIMARY KEY (`id`),
  ADD KEY `code` (`code`),
  ADD KEY `institute_id` (`institute_id`);

ALTER TABLE `subheads`
  ADD PRIMARY KEY (`id`),
  ADD KEY `head_id` (`head_id`),
  ADD KEY `code` (`code`),
  ADD KEY `institute_id` (`institute_id`),
  ADD KEY `common` (`common`),
  ADD KEY `is_deleted` (`is_deleted`),
  ADD KEY `_key` (`_key`);


ALTER TABLE `heads`
  MODIFY `id` int(10) UNSIGNED NOT NULL AUTO_INCREMENT, AUTO_INCREMENT=116;

ALTER TABLE `particulars`
  MODIFY `id` int(10) NOT NULL AUTO_INCREMENT, AUTO_INCREMENT=110;

ALTER TABLE `subheads`
  MODIFY `id` int(11) NOT NULL AUTO_INCREMENT, AUTO_INCREMENT=77;

-----------------------------------------------------------------------------------------
CREATE TABLE `transactions` (
  `id` int(10) UNSIGNED NOT NULL,
  `institute_id` int(11) DEFAULT NULL,
  `particular_balance_id` int(11) DEFAULT NULL,
  `pst_type` varchar(20) DEFAULT NULL,
  `purchase_id` int(11) DEFAULT NULL,
  `voucher_id` int(11) DEFAULT NULL,
  `purchase_rice_id` int(11) DEFAULT NULL,
  `sales_paddy_id` int(11) DEFAULT NULL,
  `purchase_soil_id` int(11) DEFAULT NULL,
  `purchase_coil_id` int(11) DEFAULT NULL,
  `purchase_challan_id` int(11) DEFAULT NULL,
  `production_id` int(11) DEFAULT NULL,
  `ricemill_diarparty_production_order_id` int(11) DEFAULT NULL,
  `ricemill_diarparty_production_order_item_id` int(11) DEFAULT NULL,
  `diarparty_id` int(11) DEFAULT NULL,
  `party_production_id` int(11) DEFAULT NULL,
  `party_production_stocks_id` int(11) DEFAULT NULL,
  `production_stocks_id` int(11) DEFAULT NULL,
  `sale_challan_id` int(11) DEFAULT NULL,
  `payment_id` int(11) DEFAULT NULL,
  `emptybag_id` int(11) DEFAULT NULL,
  `sale_id` int(11) DEFAULT NULL,
  `sales_order_id` int(11) DEFAULT NULL,
  `challan_no` varchar(100) DEFAULT NULL,
  `delivery_id` int(11) DEFAULT NULL,
  `purchase_return_id` int(11) DEFAULT NULL,
  `sale_return_id` int(11) DEFAULT NULL,
  `purchase_coal_id` int(11) DEFAULT NULL,
  `license_id` int(11) DEFAULT NULL,
  `project_id` int(11) DEFAULT NULL,
  `department_id` int(11) DEFAULT NULL,
  `contract_person_id` int(11) DEFAULT NULL,
  `trip_id` int(11) DEFAULT NULL,
  `machineries_use_order_id` int(11) DEFAULT NULL,
  `trip_item_id` int(11) DEFAULT NULL,
  `trip_expense_id` int(11) DEFAULT NULL,
  `designation_id` int(11) DEFAULT NULL,
  `employee_id` int(11) DEFAULT NULL,
  `vehicle_id` int(11) DEFAULT NULL,
  `party_id` int(11) DEFAULT NULL,
  `vehicle_no` varchar(100) DEFAULT NULL,
  `type` enum('D','C') DEFAULT NULL,
  `voucher_type` enum('Payment Voucher','Receive Voucher','Purchase Voucher','Sales Voucher','Paddy Sales Voucher','Journal Voucher','Purchase Return','Sales Return','Due Voucher') DEFAULT NULL,
  `payment_method` enum('No Payment','Bank Payment','Cash Payment') DEFAULT NULL,
  `dr_head_id` int(15) DEFAULT NULL,
  `dr_subhead_id` int(15) DEFAULT NULL,
  `dr_particular_id` int(15) DEFAULT NULL,
  `cr_head_id` int(15) DEFAULT NULL,
  `cr_subhead_id` int(15) DEFAULT NULL,
  `cr_particular_id` int(15) DEFAULT NULL,
  `partner_id` int(11) DEFAULT NULL,
  `bank_account_id` int(10) UNSIGNED DEFAULT NULL,
  `bank_info` text,
  `check_issue_date` date DEFAULT NULL,
  `check_no` varchar(50) DEFAULT NULL,
  `date` date DEFAULT NULL,
  `description` text,
  `note` text,
  `by_whom` varchar(100) DEFAULT NULL,
  `amount` double DEFAULT NULL,
  `debit` double DEFAULT NULL,
  `credit` double DEFAULT NULL,
  `is_edible` tinyint(2) NOT NULL DEFAULT '0',
  `is_dbl` tinyint(4) NOT NULL DEFAULT '0',
  `created` timestamp NULL DEFAULT CURRENT_TIMESTAMP,
  `created_by` int(11) DEFAULT NULL,
  `modified` timestamp NULL DEFAULT NULL ON UPDATE CURRENT_TIMESTAMP,
  `modified_by` int(11) DEFAULT NULL,
  `is_deleted` tinyint(2) NOT NULL DEFAULT '0',
  `deleted_by` int(11) DEFAULT NULL,
  `deleted_at` datetime DEFAULT NULL,
  `_key` varchar(32) DEFAULT NULL
) ENGINE=InnoDB DEFAULT CHARSET=utf8;

ALTER TABLE `transactions`
  ADD PRIMARY KEY (`id`),
  ADD KEY `account_id` (`bank_account_id`),
  ADD KEY `type` (`type`),
  ADD KEY `ledger_head_id` (`dr_head_id`),
  ADD KEY `transaction_date` (`date`),
  ADD KEY `sub_head_id` (`cr_head_id`),
  ADD KEY `is_edible` (`is_edible`),
  ADD KEY `purchase_id` (`purchase_id`),
  ADD KEY `sale_id` (`sale_id`),
  ADD KEY `empty_bag_id` (`purchase_coal_id`),
  ADD KEY `institute_id` (`institute_id`),
  ADD KEY `pst_type` (`pst_type`,`purchase_rice_id`,`sales_paddy_id`,`purchase_soil_id`,`purchase_coil_id`,`purchase_challan_id`,`production_id`,`party_production_id`,`party_production_stocks_id`,`production_stocks_id`,`sale_challan_id`,`emptybag_id`,`sales_order_id`,`challan_no`,`delivery_id`,`purchase_return_id`,`sale_return_id`,`license_id`,`project_id`,`department_id`,`contract_person_id`,`trip_id`,`trip_item_id`,`trip_expense_id`,`designation_id`,`employee_id`,`vehicle_id`,`party_id`,`vehicle_no`,`voucher_type`,`payment_method`),
  ADD KEY `dr_subhead_id` (`dr_subhead_id`,`dr_particular_id`,`cr_subhead_id`,`cr_particular_id`,`partner_id`,`check_issue_date`,`check_no`,`is_dbl`,`is_deleted`,`_key`);

ALTER TABLE `transactions`
  MODIFY `id` int(10) UNSIGNED NOT NULL AUTO_INCREMENT;
-------------------------------------------------------------------------------------
CREATE TABLE `delivery` (
  `id` int(11) NOT NULL,
  `company_id` int(11) DEFAULT NULL,
  `sales_id` int(11) DEFAULT NULL,
  `date` date DEFAULT NULL,
  `from_head_id` int(11) DEFAULT NULL,
  `from_subhead_id` int(11) DEFAULT NULL,
  `from_particular_id` int(11) DEFAULT NULL,
  `to_head_id` int(11) DEFAULT NULL,
  `to_subhead_id` int(11) DEFAULT NULL,
  `to_particular_id` int(11) DEFAULT NULL,
  `person_name` varchar(1000) DEFAULT NULL,
  `challan_no` varchar(50) DEFAULT NULL,
  `order_no` varchar(50) DEFAULT NULL,
  `sales_weight` double DEFAULT NULL,
  `delivery_weight` double DEFAULT NULL,
  `remain_weight` double DEFAULT NULL,
  `challan_weight` varchar(50) DEFAULT NULL,
  `scal_weight` varchar(50) DEFAULT NULL,
  `bag_quantity` double DEFAULT NULL,
  `less_weight` double DEFAULT NULL,
  `quantity` varchar(50) DEFAULT NULL,
  `bag_weight` double DEFAULT NULL,
  `net_weight` double DEFAULT NULL,
  `avg_weight` double DEFAULT NULL,
  `vehicle_no` varchar(50) DEFAULT NULL,
  `note` varchar(155) DEFAULT NULL,
  `invoice_amount` varchar(50) DEFAULT NULL,
  `discount` varchar(50) DEFAULT NULL,
  `net_amount` varchar(50) DEFAULT NULL,
  `process_status` varchar(155) NOT NULL DEFAULT 'Pending',
  `sales_type` varchar(20) DEFAULT NULL,
  `created_at` date DEFAULT NULL,
  `created_by` int(11) DEFAULT NULL,
  `modified_at` date DEFAULT NULL,
  `modified_by` int(11) DEFAULT NULL,
  `is_deleted` tinyint(4) NOT NULL DEFAULT '0',
  `deleted_at` date DEFAULT NULL,
  `deleted_by` int(11) DEFAULT NULL,
  `_key` varchar(50) DEFAULT NULL
) ENGINE=InnoDB DEFAULT CHARSET=utf8mb4;

ALTER TABLE `delivery`
  ADD PRIMARY KEY (`id`),
  ADD KEY `date` (`date`),
  ADD KEY `from_head_id` (`from_head_id`),
  ADD KEY `from_subhead_id` (`from_subhead_id`),
  ADD KEY `from_particular_id` (`from_particular_id`),
  ADD KEY `to_head_id` (`to_head_id`),
  ADD KEY `to_subhead_id` (`to_subhead_id`),
  ADD KEY `to_particular_id` (`to_particular_id`),
  ADD KEY `company_id` (`company_id`,`challan_no`,`order_no`,`vehicle_no`,`process_status`,`sales_type`,`is_deleted`,`_key`);

ALTER TABLE `delivery`
  MODIFY `id` int(11) NOT NULL AUTO_INCREMENT;
-------------------------------------------------------------------------------------

CREATE TABLE `product_size` (
  `id` int(11) NOT NULL,
  `company_id` int(11) DEFAULT NULL,
  `product_type_id` int(11) DEFAULT NULL,
  `name` varchar(155) DEFAULT NULL,
  `weight` double DEFAULT NULL,
  `description` varchar(155) DEFAULT NULL,
  `created_at` datetime DEFAULT NULL,
  `created_by` int(11) DEFAULT NULL,
  `modified_at` datetime DEFAULT NULL,
  `modified_by` int(11) DEFAULT NULL,
  `is_deleted` tinyint(1) NOT NULL DEFAULT '0',
  `deleted_at` datetime DEFAULT NULL,
  `deleted_by` int(11) DEFAULT NULL,
  `_key` varchar(32) DEFAULT NULL
) ENGINE=InnoDB DEFAULT CHARSET=utf8mb4;

ALTER TABLE `product_size`
  ADD PRIMARY KEY (`id`),
  ADD KEY `company_id` (`company_id`),
  ADD KEY `product_type_id` (`product_type_id`),
  ADD KEY `is_deleted` (`is_deleted`),
  ADD KEY `_key` (`_key`);

ALTER TABLE `product_size`
  MODIFY `id` int(11) NOT NULL AUTO_INCREMENT;
--------------------------------------------------------------------------------------
CREATE TABLE `sales_order` (
  `id` int(11) NOT NULL,
  `company_id` int(11) DEFAULT NULL,
  `date` date DEFAULT NULL,
  `from_head_id` int(11) DEFAULT NULL,
  `from_subhead_id` int(11) DEFAULT NULL,
  `from_particular_id` int(11) DEFAULT NULL,
  `to_head_id` int(11) DEFAULT NULL,
  `to_subhead_id` int(11) DEFAULT NULL,
  `to_particular_id` int(11) DEFAULT NULL,
  `person_name` varchar(1000) DEFAULT NULL,
  `challan_no` double DEFAULT NULL,
  `order_no` varchar(50) DEFAULT NULL,
  `challan_weight` varchar(50) DEFAULT NULL,
  `scal_weight` varchar(50) DEFAULT NULL,
  `bag_quantity` double DEFAULT NULL,
  `less_weight` double DEFAULT NULL,
  `quantity` varchar(50) DEFAULT NULL,
  `bag_weight` double DEFAULT NULL,
  `net_weight` double DEFAULT NULL,
  `avg_weight` double DEFAULT NULL,
  `vehicle_no` varchar(50) DEFAULT NULL,
  `note` varchar(155) DEFAULT NULL,
  `invoice_amount` varchar(50) DEFAULT NULL,
  `discount` varchar(50) DEFAULT NULL,
  `vehicle_rent` double DEFAULT NULL,
  `net_amount` varchar(50) DEFAULT NULL,
  `discount_amount` double DEFAULT NULL,
  `previous_amount` double DEFAULT NULL,
  `payable_amount` double DEFAULT NULL,
  `paid_amount` double DEFAULT NULL,
  `due_amount` double DEFAULT NULL,
  `balance_amount` double DEFAULT NULL,
  `process_status` varchar(155) NOT NULL DEFAULT 'Pending',
  `sales_type` varchar(20) DEFAULT NULL,
  `created_at` date DEFAULT NULL,
  `created_by` int(11) DEFAULT NULL,
  `modified_at` date DEFAULT NULL,
  `modified_by` int(11) DEFAULT NULL,
  `is_deleted` tinyint(4) NOT NULL DEFAULT '0',
  `deleted_at` date DEFAULT NULL,
  `deleted_by` int(11) DEFAULT NULL,
  `_key` varchar(50) DEFAULT NULL
) ENGINE=InnoDB DEFAULT CHARSET=utf8mb4;

ALTER TABLE `sales_order`
  ADD PRIMARY KEY (`id`),
  ADD KEY `date` (`date`),
  ADD KEY `from_head_id` (`from_head_id`),
  ADD KEY `from_subhead_id` (`from_subhead_id`),
  ADD KEY `from_particular_id` (`from_particular_id`),
  ADD KEY `to_head_id` (`to_head_id`),
  ADD KEY `to_subhead_id` (`to_subhead_id`),
  ADD KEY `to_particular_id` (`to_particular_id`),
  ADD KEY `company_id` (`company_id`,`challan_no`,`order_no`,`vehicle_no`,`process_status`,`sales_type`,`is_deleted`,`_key`);

ALTER TABLE `sales_order`
  MODIFY `id` int(11) NOT NULL AUTO_INCREMENT;




-------------------------------------------------------------------------------------
--Ellin unit table

CREATE TABLE `unit` (
  `id` int(11) NOT NULL,
  `unit` varchar(50) DEFAULT NULL,
  `short_name` varchar(30) DEFAULT NULL,
  `is_deleted` tinyint(2) DEFAULT 0,
  `deleted_at` timestamp NULL DEFAULT NULL,
  `deleted_by` varchar(50) DEFAULT NULL,
  `created_at` datetime DEFAULT NULL,
  `created_by` int(11) DEFAULT NULL,
  `_key` varchar(32) DEFAULT NULL,
  `modified_at` datetime DEFAULT NULL,
  `modified_by` int(11) DEFAULT NULL
) ENGINE=InnoDB DEFAULT CHARSET=utf8mb4;

ALTER TABLE `unit`
  ADD PRIMARY KEY (`id`);


ALTER TABLE `unit`
  MODIFY `id` int(11) NOT NULL AUTO_INCREMENT;


--------------------------------------------------------
CREATE TABLE `rent_type` (
  `id` int(11) NOT NULL,
  `rent_type` varchar(20) NOT NULL,
  `description` text DEFAULT NULL,
  `created_at` timestamp NULL DEFAULT NULL,
  `created_by` int(11) DEFAULT NULL,
  `modifyed_at` datetime DEFAULT NULL,
  `modifyed_by` int(11) DEFAULT NULL,
  `is_deleted` int(11) DEFAULT 0,
  `deleted_at` datetime DEFAULT NULL,
  `deleted_by` int(11) DEFAULT NULL,
  `_key` varchar(32) DEFAULT NULL
) ENGINE=InnoDB DEFAULT CHARSET=utf8mb4;


ALTER TABLE `rent_type`
  ADD PRIMARY KEY (`id`);


ALTER TABLE `rent_type`
  MODIFY `id` int(11) NOT NULL AUTO_INCREMENT;

--Mamun date : 09/02/2022 to : 10/02/2022
---------------------------------------------------------------

CREATE TABLE `chamber_setting` (
  `id` int(11) NOT NULL,
  `chamber` varchar(100) NOT NULL,
  `capacity` int(11) NOT NULL,
  `created_at` datetime DEFAULT NULL,
  `created_by` int(11) DEFAULT NULL,
  `modified_at` datetime DEFAULT NULL,
  `modified_by` int(11) DEFAULT NULL,
  `is_deleted` tinyint(1) NOT NULL DEFAULT 0,
  `deleted_at` datetime DEFAULT NULL,
  `deleted_by` int(11) DEFAULT NULL,
  `_key` varchar(32) NOT NULL
) ENGINE=InnoDB DEFAULT CHARSET=utf8mb4;

ALTER TABLE `chamber_setting`
  ADD PRIMARY KEY (`id`);

ALTER TABLE `chamber_setting`
  MODIFY `id` int(11) NOT NULL AUTO_INCREMENT;

-----------------------------------------------------------------------

CREATE TABLE `loan_condition` (
  `id` int(11) NOT NULL,
  `description` text NOT NULL,
  `created_at` datetime DEFAULT NULL,
  `created_by` int(11) DEFAULT NULL,
  `modified_at` datetime DEFAULT NULL,
  `modified_by` int(11) DEFAULT NULL,
  `is_deleted` tinyint(1) NOT NULL DEFAULT 0,
  `deleted_at` datetime DEFAULT NULL,
  `deleted_by` datetime DEFAULT NULL,
  `_key` varchar(32) NOT NULL
) ENGINE=InnoDB DEFAULT CHARSET=utf8mb4;

ALTER TABLE `loan_condition`
  ADD PRIMARY KEY (`id`);

ALTER TABLE `loan_condition`
  MODIFY `id` int(11) NOT NULL AUTO_INCREMENT;


-----------------------------------------------------------------------

CREATE TABLE `party_type` (
  `id` int(11) NOT NULL,
  `party_type` varchar(255) NOT NULL,
  `created_at` datetime DEFAULT NULL,
  `created_by` datetime DEFAULT NULL,
  `modified_at` datetime DEFAULT NULL,
  `modified_by` datetime DEFAULT NULL,
  `is_deleted` tinyint(1) NOT NULL DEFAULT 0,
  `deleted_at` datetime DEFAULT NULL,
  `deleted_by` int(11) DEFAULT NULL,
  `_key` varchar(32) NOT NULL
) ENGINE=InnoDB DEFAULT CHARSET=utf8mb4;


ALTER TABLE `party_type`
  ADD PRIMARY KEY (`id`);

ALTER TABLE `party_type`
  MODIFY `id` int(11) NOT NULL AUTO_INCREMENT;

-------------------------------------------------------------------------
CREATE TABLE `party` (
  `id` int(11) NOT NULL,
  `party_type_id` int(11) NOT NULL,
  `name` varchar(100) NOT NULL,
  `mobile` int(11) NOT NULL,
  `code` int(11) NOT NULL,
  `address` varchar(100) NOT NULL,
  `created_at` datetime DEFAULT NULL,
  `created_by` int(11) DEFAULT NULL,
  `modified_at` datetime DEFAULT NULL,
  `modified_by` int(11) DEFAULT NULL,
  `is_deleted` tinyint(1) DEFAULT 0,
  `deleted_at` datetime DEFAULT NULL,
  `deleted_by` int(11) DEFAULT NULL,
  `_key` varchar(32) NOT NULL
) ENGINE=InnoDB DEFAULT CHARSET=utf8mb4;

ALTER TABLE `party`
  ADD PRIMARY KEY (`id`);

ALTER TABLE `party`
  MODIFY `id` int(11) NOT NULL AUTO_INCREMENT;

-------------------------------------------------------------------------

CREATE TABLE `store_condition` (
  `id` int(11) NOT NULL,
  `description` text NOT NULL,
  `created_at` datetime DEFAULT NULL,
  `created_by` int(11) DEFAULT NULL,
  `modified_at` datetime DEFAULT NULL,
  `modified_by` int(11) DEFAULT NULL,
  `is_deleted` tinyint(1) NOT NULL DEFAULT 0,
  `deleted_at` datetime DEFAULT NULL,
  `deleted_by` int(11) DEFAULT NULL,
  `_key` varchar(32) NOT NULL
) ENGINE=InnoDB DEFAULT CHARSET=utf8mb4;


ALTER TABLE `store_condition`
  ADD PRIMARY KEY (`id`);


ALTER TABLE `store_condition`
  MODIFY `id` int(11) NOT NULL AUTO_INCREMENT;

---------------------------------------------------------------------------
CREATE TABLE `rent` (
  `id` int(11) NOT NULL,
  `product_type_id` int(11) NOT NULL,
  `product_id` int(11) NOT NULL,
  `category_id` int(11) NOT NULL,
  `unit_id` int(11) NOT NULL,
  `unit_size` varchar(100) NOT NULL,
  `rent_type_id` int(11) NOT NULL,
  `rent` int(11) NOT NULL,
  `created_at` datetime DEFAULT NULL,
  `created_by` int(11) DEFAULT NULL,
  `modified_at` datetime DEFAULT NULL,
  `modified_by` int(11) DEFAULT NULL,
  `is_deleted` tinyint(1) NOT NULL DEFAULT 0,
  `deleted_at` datetime DEFAULT NULL,
  `deleted_by` int(11) DEFAULT NULL,
  `_key` int(32) NOT NULL
) ENGINE=InnoDB DEFAULT CHARSET=utf8mb4;

ALTER TABLE `rent`
  ADD PRIMARY KEY (`id`);

ALTER TABLE `rent`
  MODIFY `id` int(11) NOT NULL AUTO_INCREMENT;

--party commission multiple

CREATE TABLE `party_commission_multi` (
  `id` int(11) NOT NULL,
  `party_type_id` int(11) DEFAULT NULL,
  `party_id` int(11) DEFAULT NULL,
  `category_id` int(11) DEFAULT NULL,
  `product_id` int(11) DEFAULT NULL,
  `unit_id` int(11) DEFAULT NULL,
  `unit_size_id` int(11) DEFAULT NULL,
  `commission` int(11) DEFAULT NULL,
  `_key` varchar(32) DEFAULT NULL,
  `created_at` datetime DEFAULT NULL,
  `created_by` int(11) DEFAULT NULL,
  `modified_at` datetime DEFAULT NULL,
  `modified_by` int(11) DEFAULT NULL,
  `is_deleted` tinyint(4) NOT NULL DEFAULT 0,
  `deleted_at` datetime DEFAULT NULL,
  `deleted_by` int(11) DEFAULT NULL
) ENGINE=InnoDB DEFAULT CHARSET=utf8mb4;


ALTER TABLE `party_commission_multi`
  ADD PRIMARY KEY (`id`);

ALTER TABLE `party_commission_multi`
  MODIFY `id` int(11) NOT NULL AUTO_INCREMENT;
